,component_1,component_2
3,0.2791277788313318,0.6917795341381942
1,-0.19989067488657816,0.4194603750906677
7,0.919415124663296,-0.014849653404361032
9,-0.17263738969985384,-0.21405509517871846
5,-0.7961188782152708,0.1554622618011495
0,0.3671399684504384,-0.2526709165276313
4,0.07558731346635315,-0.5236794191571336
2,-0.4726232426097163,-0.2614470867621668
